Package,UUID,Type,SHA1,Size,Dynamic,Reason
NeJf7T04.ColliderCommon_reT63cp5,9506c412-e93c-4b71-b0d9-83944a97ba2d-ybwYqscV-collider,Collider,lk0xlrRV05gBPQ4s6Cvt0IRXFaA=,66,,removed no resource
NeJf7T04.ColliderCommon_6EL77KQH,slvvp51auf-ls30iyu7-wklxu46ssae-o1O7lizr-collider,Collider,lk0xlrRV05gBPQ4s6Cvt0IRXFaA=,66,,
NeJf7T04.ColliderCommon_6EL77KQH,slvvp51auf-ls30iyu7-wklxu46ssae-Axiix8AZ-collider,Collider,lk0xlrRV05gBPQ4s6Cvt0IRXFaA=,66,,
NeJf7T04.ColliderCommon_6EL77KQH,slvvp51auf-ls30iyu7-wklxu46ssae-NoBzJW6X-collider,Collider,lk0xlrRV05gBPQ4s6Cvt0IRXFaA=,66,,
NeJf7T04.ColliderCommon_6EL77KQH,slvvp51auf-ls30iyu7-wklxu46ssae-HEHqXih8-collider,Collider,lk0xlrRV05gBPQ4s6Cvt0IRXFaA=,66,,
NeJf7T04.ColliderCommon_6EL77KQH,slvvp51auf-ls30iyu7-wklxu46ssae-MoGxyK7L-collider,Collider,lk0xlrRV05gBPQ4s6Cvt0IRXFaA=,66,,
NeJf7T04.ColliderCommon_Ml7nmlip,slvvp51auf-ls30iyu7-wklxu46ssae-BvneR3ZT-collider,Collider,lk0xlrRV05gBPQ4s6Cvt0IRXFaA=,66,,
NeJf7T04.ColliderCommon_Q8af8M74,slvvp51auf-ls30iyu7-wklxu46ssae-iOKvw7Pi-collider,Collider,lk0xlrRV05gBPQ4s6Cvt0IRXFaA=,66,,
NeJf7T04.ColliderCommon_Q8af8M74,slvvp51auf-ls30iyu7-wklxu46ssae-71L7zO2W-collider,Collider,lk0xlrRV05gBPQ4s6Cvt0IRXFaA=,66,,
NeJf7T04.AutoServer_ZASvyXK1,NeJf7T04.ogp91wzizpr-lxcs09in-ip4eyyqyo,CSV,NRMsgbvARnsHXW4C2hj35mMlvUI=,162,,removed no resource
NeJf7T04.AutoServer_ZASvyXK1,NeJf7T04.1ls97naob0p-lxcrzo9p-vsxylkhfa4,CSV,DkcL3hIQRPbEQ9fkrb8WJO33bKI=,150,,removed no resource
NeJf7T04.AutoServer_nCz98tLH,NeJf7T04.glar2dild-ls2vtvbd-p90e1rwxib,CSV,jmK1SA1bWHRPIMKkvQOs2H4q3wg=,259,,inherit
NeJf7T04.AutoServer_NTGtuJPb,NeJf7T04.s8dcm0uqhi-lxczbend-rhl997fzxk,CSV,NRMsgbvARnsHXW4C2hj35mMlvUI=,162,,inherit
NeJf7T04.AutoServer_NTGtuJPb,NeJf7T04.1w3vrdkyl2p-lxczbeoo-lhoddg1d71m,CSV,DkcL3hIQRPbEQ9fkrb8WJO33bKI=,150,,inherit
NeJf7T04.AutoServer_TvRlqOtk,NeJf7T04.t1jz9jooian-lxd0vbu1-uh6kqf7m48,CSV,rB6GKrIkbIIS7yG7mUg0ZON9QF4=,290,,
NeJf7T04.AutoServer_TvRlqOtk,NeJf7T04.fktlnx01p5s-lxd0vnbl-o65yd9qpuy,CSV,obpb+Eom7nGTLKAqwv02tTi2BQc=,190,,
NeJf7T04.ColliderCommon_MM3dhXx1,slvvp51auf-ls30iyu7-wklxu46ssae-ypPVEgfh-collider,Collider,lk0xlrRV05gBPQ4s6Cvt0IRXFaA=,66,,
NeJf7T04.ColliderCommon_MM3dhXx1,slvvp51auf-ls30iyu7-wklxu46ssae-FZN6063k-collider,Collider,lk0xlrRV05gBPQ4s6Cvt0IRXFaA=,66,,
NeJf7T04.ColliderCommon_MM3dhXx1,slvvp51auf-ls30iyu7-wklxu46ssae-sj4SZNXV-collider,Collider,lk0xlrRV05gBPQ4s6Cvt0IRXFaA=,66,,
NeJf7T04.ColliderCommon_MM3dhXx1,slvvp51auf-ls30iyu7-wklxu46ssae-w9BLKQCd-collider,Collider,lk0xlrRV05gBPQ4s6Cvt0IRXFaA=,66,,
NeJf7T04.ColliderCommon_MM3dhXx1,slvvp51auf-ls30iyu7-wklxu46ssae-VCAaNqAQ-collider,Collider,lk0xlrRV05gBPQ4s6Cvt0IRXFaA=,66,,
NeJf7T04.ColliderCommon_MM3dhXx1,slvvp51auf-ls30iyu7-wklxu46ssae-K3N3pBlN-collider,Collider,lk0xlrRV05gBPQ4s6Cvt0IRXFaA=,66,,
NeJf7T04.ColliderCommon_MM3dhXx1,slvvp51auf-ls30iyu7-wklxu46ssae-s5SEOviS-collider,Collider,lk0xlrRV05gBPQ4s6Cvt0IRXFaA=,66,,
NeJf7T04.ColliderCommon_MM3dhXx1,slvvp51auf-ls30iyu7-wklxu46ssae-TkVO05aN-collider,Collider,lk0xlrRV05gBPQ4s6Cvt0IRXFaA=,66,,
NeJf7T04.ColliderCommon_MM3dhXx1,slvvp51auf-ls30iyu7-wklxu46ssae-4BFdZiFF-collider,Collider,lk0xlrRV05gBPQ4s6Cvt0IRXFaA=,66,,
NeJf7T04.ColliderCommon_MM3dhXx1,slvvp51auf-ls30iyu7-wklxu46ssae-rGA3DCxR-collider,Collider,lk0xlrRV05gBPQ4s6Cvt0IRXFaA=,66,,
NeJf7T04.ColliderCommon_MM3dhXx1,slvvp51auf-ls30iyu7-wklxu46ssae-ZljIh723-collider,Collider,lk0xlrRV05gBPQ4s6Cvt0IRXFaA=,66,,
NeJf7T04.ColliderCommon_MM3dhXx1,slvvp51auf-ls30iyu7-wklxu46ssae-l99HuJYH-collider,Collider,lk0xlrRV05gBPQ4s6Cvt0IRXFaA=,66,,